path	bytes	sha256
.github/workflows/build.yml	2129	36ca5f83e3d44603be582d766961e9f6f72e804ed21e4b9ebd0a24bee3204d29
CMakeLists.txt	10602	6a0d53a6fc73c0e1ec175dfdbc9d4acd4d0edcff95453236410b79d860f87136
include/mapeditor/app/Localization.hpp	8544	d0899b8e895897b040007c0a72b34a14feb3fcff211d7b3fe2301ff892d5d4e4
include/mapeditor/core/AvatarPreview.hpp	3571	11e346490649874e693a5b9f85404d31498221eaa0b9edf9cb2e5413a50a6d59
include/mapeditor/core/BlendMap.hpp	2348	768e1ed467d3e7219d09e5c95a9bdbb0f968038990384edcfba4c8e3451b1fce
include/mapeditor/core/DdsImage.hpp	1657	2e83d1b723a00f61ed7104421939739499fe91144e81b914faad89b104c30be7
include/mapeditor/core/EditOps.hpp	2346	aec3b6373eb72edd9295694879c41748194a7b304b39ab5fc0d3bc514c47a262
include/mapeditor/core/Heightmap.hpp	3369	b983fb5c18b173046f58421c0c11f54fa777e47594cdb952ea8925e7aacbf81a
include/mapeditor/core/HeightmapIO.hpp	2275	82dfc10f3b6e20710bda876331821e3ee7050cfb192f1a8bb59244ab7a167453
include/mapeditor/core/KfmFile.hpp	2400	f0380b2021f6ed814d12f87febc14bb222bf6083185b1deeebddd5b63fb3dc99
include/mapeditor/core/legacy/BmpBlendMap.hpp	1457	4995790a3249559d14c62903f7f16f58413e1e7bf692204d53d860405631fe06
include/mapeditor/core/legacy/LegacyIdmAid.hpp	2743	b9f1e56d853feab74ebbfe505d22aef7b00c0cd3759a042051ed1a05cd9b7f8a
include/mapeditor/core/legacy/LegacyMapIni.hpp	1716	6ebf5fa61666b252d42fba1352d9efcdbc1c3825bde4501fd09014378a4cc23c
include/mapeditor/core/legacy/LegacyMapProject.hpp	3484	ab8623c7d6f9c9ac38af0bffd95d5ffb281ba530e59e63750a2f5cdff3553851
include/mapeditor/core/legacy/LegacyPathResolve.hpp	2316	75f521e744b8cd3b60e9280fc6c1c5faf5ccba1eb0016196d63210c6150960b8
include/mapeditor/core/legacy/LegacyTextureSetIO.hpp	1627	e10c5d88e823418626c5ff23337a0d88386bf50e78a52c4aab20c7230b149577
include/mapeditor/core/legacy/QuestData.hpp	4416	0beaa258978f9231a423289ed3f430ce9caf6cff61a7fc1732d839fffa820871
include/mapeditor/core/legacy/ShineText.hpp	5539	1f89cb3e341681512f711239d755ad9ca74073a565abbe77d1d1fd6ae72ceb9e
include/mapeditor/core/legacy/ShnFile.hpp	1896	3a7a0fa9ef53a97f3bdd6c20822bf2aa027817e2667a8bb19b1f3d5a086c1297
include/mapeditor/core/Manual.hpp	2023	5d21967f6f2de2f4e9159bdfaa20db26b98f45e12748956a8b80a8755c2f2afc
include/mapeditor/core/NifModel.hpp	8983	f4bdc8c1bcefeed5daad75ff4a930e8f591b382581e7b768f1adeee978b30839
include/mapeditor/core/ObjectPlacement.hpp	2327	30e948b725097e925eca2f363aa7bca1a473e935a672e6c34ba2b1c8da2b0198
include/mapeditor/core/ObjectPlacementIO.hpp	2578	cd8e3eac17dc2afe7a3822f0bc293d2c0af646a6d44900f6c25812e3f3778d0e
include/mapeditor/core/ObjectSpatialIndex.hpp	1301	22e364e97848e22b630357d2201a8812a40abab24f42b4586dc58197c46ca40f
include/mapeditor/core/TextureLayerIO.hpp	1166	8b5c5b17373913c377bc3ee8f0f94f498b57d109cfcff9c00f4ff0526bb51cd1
include/mapeditor/core/TextureLayerStack.hpp	2627	49512a9787089b8592b745e947e80184c12047ae23ec344330d08b17bd941f16
include/mapeditor/core/TexturePaintOps.hpp	2100	2976dcf3e85871576ade15b55f3f3ba35e919e1b1b0d9790b236350d538a9653
include/mapeditor/core/WalkEditOps.hpp	2639	ce9f97d23bf8a801c45fc1a742ba4462315b6e6b625dc0ad47a525b3000ae2c4
include/mapeditor/core/WalkGrid.hpp	3779	b1f2554632dab0bdf9457f3ea0b3fc31c01224ffb42f8c9bc2ebf2aa571cd30f
include/mapeditor/core/WalkGridIO.hpp	2049	0d72727818d662f15a85faa0b67f045e5c4b9d84b98f6fff78e59d45db7c6ad3
src/app/Camera.cpp	7690	0ea3dc875297bc8d0982b40140123040d9ca9f5707b9a5bc59ce981b457c35d8
src/app/Camera.hpp	4329	f619eb4aeda4c227d544911df14b5153928e89912f3e79c89af87ab604332a23
src/app/KfmPanel.cpp	8252	472c5181bf07617ac794bfe5d639e00a096000dc280a36b1cbb6f8313d964caf
src/app/KfmPanel.hpp	598	b364a82fe0d3e5c0d1c428f96ed1d95039f8b8c5fd21dbd2442f6cae64a76d72
src/app/main.cpp	479532	f63a87a7181d4d53c415bba20d156f6ae62f2801201bb0ba9b00e46f271f66b6
src/app/NifMeshRenderer.cpp	61016	1f2610d4099f6c7d69f9e71659f283673cf23aa9817fe94f7adc408192522057
src/app/NifMeshRenderer.hpp	7046	b8b42532ef9090650a9b90b0f8a304e2ccafffcb291c7876e5e40c630a0aac7e
src/app/ObjectMarkerRenderer.cpp	9574	88e9099d1bda5ea7778ad7d6b3c92e2838b14793038ff9de4be6a2f2168c8bf7
src/app/ObjectMarkerRenderer.hpp	2329	abff229cedaa477f585b3d34808dc629bc47ca9368489d0c50e1ac61216e60b8
src/app/Renderer.cpp	29000	d16cb3302bbe0ade73f91d36bda243d26a9899a2f6a123707cc2aa96fe3c108c
src/app/Renderer.hpp	7242	b3ee04c912406375416688693e36e3a5c74c430d6b3ca0cefcbdd99739c422a1
src/core/AvatarPreview.cpp	23595	67607cf80cb4010c4eced610f2a34fbc929d99a3967213b57204fe4cf3a26006
src/core/BlendMap.cpp	1865	85335fcba304b27d746ad85440a6ebe4c962ec85bf826d3e106321134f3827eb
src/core/DdsImage.cpp	21149	143d9508d5e6e16f86a84cc5b13150610f25083854e75c973c85f7137423369f
src/core/EditOps.cpp	5924	d209b0642f3dde6e336d94b4d0130a04f7f1c75247657fe45b9230649c149d72
src/core/Heightmap.cpp	2801	9e9ae3e5339e0037603961f58767650858486f7a824a67ba41c291952a65500b
src/core/HeightmapIO.cpp	3148	719d87a3587f3a325b38593b9157724d2bdb1c6795225b08945fc5a1ff7c6f3a
src/core/KfmFile.cpp	11557	f4914ad31405858e10bf7077bd62d92c226f69f55faa2d7edc4439f8670b6f63
src/core/legacy/BmpBlendMap.cpp	9002	6ab03dfb20799c6d3cc8e2c2ffff4b88204ed5e7c8348638affd95db53284ba9
src/core/legacy/LegacyIdmAid.cpp	7315	44c3111c5207065e6c8dbb28df8ddc3b93e665a37f015ce294c06452f217f672
src/core/legacy/LegacyMapIni.cpp	11698	57d7068d90107f52f991496d47c00ada9b21c75caf874d8ca205b25628fd9adc
src/core/legacy/LegacyMapProject.cpp	12097	41f639c04956ca9657551a9cc8e3a15c16c2a56fe0fcf6860cdd5ce299196f36
src/core/legacy/LegacyPathResolve.cpp	9018	ba04604660fc0a337dc62bf3ca5ba59828a4b13923fda9328253931fff7a766a
src/core/legacy/LegacyTextureSetIO.cpp	6974	901d582c9dfb81be5a759d7e8a0979a0775d5b6353d39e2a91f7809bd639ca17
src/core/legacy/QuestData.cpp	11613	602dc63d2b157e9304cb3319a752fa6e79f5257c21ce9bcde948461addbf82f1
src/core/legacy/ShineText.cpp	18228	8327100011b9e135de09466f85132c27a629301898e1d7334ff72ae69a61245a
src/core/legacy/ShnFile.cpp	17966	148987dd2138382bd061a6bc5ebcff2dc99e82e647b37531911f593665fb4716
src/core/Manual.cpp	3345	a25ef3c56c45f3212bcf2c232d164aac4d48a8ae1f6e86d8d372414873dcb19c
src/core/ManualData.cpp	102057	09fcaab004f58cdbc5a5297db6bb53ad74748b8a9609b149530ce5d038168555
src/core/NifModel.cpp	224172	1cf76e83575e9aa911ba52915abc14a6b40ae8db1ad3e5f0ea570c3e65302943
src/core/ObjectPlacement.cpp	467	8978a911b2a4432c01ae9b6e6d555cd68ad0c7f201befe4d001901953e0c1930
src/core/ObjectPlacementIO.cpp	11962	eccecef97cbf37b041809ec29531d43578b940529bd188679a925362da3a4bf6
src/core/TextureLayerIO.cpp	1238	656cd19857c75bbfbdd2bf1fb4dfa87a2782372a332e061e4b1dfcc5c9b763e8
src/core/TextureLayerStack.cpp	1803	9f89b788dc4724c254783428a3b6ba1fcfa95361cfbbc923a70c6b8c27ac9a87
src/core/TexturePaintOps.cpp	6356	f30779bbafd8da7633ceda6ec964ef2770e614e4d415c130cfb84fb829a32c87
src/core/WalkEditOps.cpp	8522	a6ec62affed2255627dc21f0d1437f01d06d30f8b5e0d2e20808a8b7f9267fed
src/core/WalkGridIO.cpp	3007	592ae61698edac148002a5382130e2012e61217fdcd368f3f7340e534236ad5d
tests/fixtures/_ItemShop02.nif	71593	db1f4551c8467532a8825283abcdb290b7541fdb78345875ba173866ec0a964e
tests/fixtures/block.BMP	196664	9dee7c5ba1110f886886776aa20664f081f036e4b42bc8bd4148e2aab07ea759
tests/fixtures/boxes1.nif	13267	2be97b29d6d7a9b8f20b723bc68564c0b56b335aede862e559a55cad6b517228
tests/fixtures/boxes2.nif	59440	153d9a5a2c01a44e24a435d222f82afab825de965a66949f4854298924f20f50
tests/fixtures/boxes3.nif	59440	5e4a5778720e75c010470a71813ee2c8fd5daeeb79ac6af141e0708b304fcc95
tests/fixtures/boxes4.nif	59440	58aaddc705ac35d7bffa763d4b2451f0521fc13b6c0711dffe2f574cf0683ec4
tests/fixtures/boxes5.nif	59440	59880c7358691a861f0f34c9d85f2d86a048bec6f11a8cd29c5e3c3e2e381fe5
tests/fixtures/data/bera.shmd	192287	e12f277c18ae6afe514d58aefc3c339c8b899eee2f6326dfbfef80f531bba3f9
tests/fixtures/data/ChrBasicEquip.shn	268	c80a4b02780c0c9db873385470b8b2d83fc73e561597a81d9aa93b234628bc88
tests/fixtures/data/Mem_UA.shmd	47602	927ae9703becb5d2e30473a269b0225ec137b3900c9074f01eea2e650dc4239d
tests/fixtures/data/NPC.txt	86682	e4a35a9a1f052f277f971b598df7196b10330e90202d39a5cce09fe833dbb0ea
tests/fixtures/data/QuestData.shn	2140480	8c4ba17267967883169142c736e6d31d1a016c843d61411da7bca8dd244cc8b8
tests/fixtures/data/SwaDn01.shmd	85315	8d08230db5816c232cace3b54b1a4c13d750527efbc329505577b16a9f652049
tests/fixtures/dogAnd.nif	346741	a46c3231f6a7e4357c935e0386f1f3709fec5c886aa54f78478ff5482fade57d
tests/fixtures/drumtong1.nif	59258	67c1f09006be19c39182014e3130af695e33a39c3339792dbf2d5f4d185b0394
tests/fixtures/drumtong2.nif	64250	df235fed3acd5efd65c7c0b4d7540373efca3ffb8a8c06e873e9179bb2b67b5d
tests/fixtures/drumtong3.nif	64250	8e6482d12be071f380da03c35ac78cc3bc45958b4c3597fe0eee6a371a945875
tests/fixtures/drumtong4.nif	64250	1ecba02478a9624d1098a5c4e3e4a6d5393c761db8c337540e83b137f415c735
tests/fixtures/EnvSet.nif	2845	343b157a9c5eefd63c4a694763c846860a6c618674a6340b5182a1abb87c7ed0
tests/fixtures/glow.nif	351525	993fc9806c65b85020abdffe81951a84a3f200a22e0d1241169f9aa91e418217
tests/fixtures/grass.BMP	196664	7566e39b668ce8bcac5fc0c07d616131eb275e98aa1430a81870ecf9146ea8ab
tests/fixtures/GrassAnim_1.nif	189683	4235fa441a4eaefa2d412d2c9708c1cd97f16041d5895d55c43ed8e1c37ea946
tests/fixtures/grasst1.dds	349680	65c4f269f524e68bf6d067fef6342335bd5e8afb40b99604b910c6a2dd8349e9
tests/fixtures/GuildHall.nif	135395	afe538cd208f58b9af32a037d4a001684fa8ee936fdd5e769236a036090c6ae9
tests/fixtures/H_rou_Light.nif	476397	5278b2b6103f4cb1351d232222acedf1f56c2ced9eccd2f04d81f15dbf1bfc5a
tests/fixtures/house02.nif	16191	e5319514233062bf1127e090ff903c8df18435770699a67f9d3e595a2879704a
tests/fixtures/ItemShop02.nif	71593	db1f4551c8467532a8825283abcdb290b7541fdb78345875ba173866ec0a964e
tests/fixtures/jun_grass02.nif	47409	06ddc7247f1cfe5006a02227d8a6e5eb590c7a59c3533c4711b76b1d28092150
tests/fixtures/jun_grass03.nif	48481	adc4ad4531ed1e419bff4855b0cf171f83094bb1648370210e20e612d6eba6cb
tests/fixtures/jun_grass04.nif	90375	bbae7f99b5691442ea11e28c1ef47988513a0a3313b9ae961c65d09f16f947fa
tests/fixtures/nif-extensions/Arc-f_Bip01_Emotion_ChargdDance69.kf	498898	b3bd06d319a6b367f8d4425109bcdeba4b780283a188c6a6292bb68f6aa05532
tests/fixtures/nif-extensions/BallCrush_Base_Stand.kf	3654	5330ee53a5e289bc80e9f44d26b91d2aa9ed805663057a55a13e46cccbdf8520
tests/fixtures/nif-extensions/BirthdayConf.nif	796333	ab363de1b593ac78b476605cd2f0458489e2614b30633b4d337b23b2b33e161f
tests/fixtures/nif-extensions/EglackMad.nif	1974807	18474f1df8b3f1e62fc731ae25d16a75927a071cb3a2eaa7e33c807f2b8b767b
tests/fixtures/nif-extensions/Female_Hat_Antler00.nif	82834	592fe12562d1c398584a05bcc8f64c9e7115714f0d2fea0ae71f2581a328774a
tests/fixtures/nif-extensions/Helga.nif	1032046	f2251aeb7da05215f8d4314f772e18d3cf947ce60222ed7f16e4bfb99c861c84
tests/fixtures/nif-extensions/KingdomC00.DDS	349680	ecfd6fb3a989c0fde4aca22a80764358b5ab1ec121800f4da0a0e619ad33fb6e
tests/fixtures/nif-extensions/KingdomC00.nif	83182	10644d71f3db298cfd177f899d35e17600cd957781b8008c57e12cd5b6de38a9
tests/fixtures/nif-extensions/LegelFairy.nif	2479762	a0beeb7e99a4aa7cfa7a765784b913698d40fe06341bfec0246a9e413ea7443e
tests/fixtures/nif-extensions/LegelFeatherDemon.nif	2973383	570f434396c65010c96e77e4eff9c075b91f929b7e3e893be57b6a79b926b5ed
tests/fixtures/nif-extensions/M_MajesticLion.nif	1084300	cf4cb22639be1c52c02c2cc272e5b0c8250110607a0d81d9054a6315c186f903
tests/fixtures/nif-extensions/Male_Hat_Antler00.nif	82874	dcb2ab280e0d93ee36a13ffb8ca4b1e3a0095301b8a52c1be18c0b8a66903977
tests/fixtures/particles/_Back_Shamrock.dds	87536	ca817110e4b727886f51baca5e3aa0d81d3f3b59b818cd665c5e11d33ffbf920
tests/fixtures/particles/Back_Shamrock.nif	149584	d597aedf8b0f6b470ac171e782d1cc605ec089de82f15a630e54a692eb37e680
tests/fixtures/particles/DarkVally_Frog.nif	221075	6233e18441b5616cf9454209d0e92de9f965ebf646dbe1c770eee6d9127e239d
tests/fixtures/particles/machine.nif	455173	6098373d5cd0d32a4c7f9d0a45c094e5cc766e8e23ee9407c1d8163b6f1243ee
tests/fixtures/particles/machine_Urg.nif	455173	6098373d5cd0d32a4c7f9d0a45c094e5cc766e8e23ee9407c1d8163b6f1243ee
tests/fixtures/particles/MapLinkGate2.nif	3431449	f715bee623f9ec1e8c9c88f1d2056b287617ca0eaed7068c38bbc53e9cb62d23
tests/fixtures/particles/RouTempDn01_ground.nif	717451	adaa06b148184a8a7e4f43c900d79d58d87a8bdd6679d739a7df760e4cf12ccd
tests/fixtures/particles/StaXReward01.nif	104341	b7f674567ee8446c21922669d766af3f9cc8b6e53852dc1ff78b0a8d3729b5c6
tests/fixtures/particles/treeThin.nif	118732	fb47b0f8a650d1aed666c0936511fd719cce7884566d9784115a64b0ae5a6466
tests/fixtures/particles/Yak_VaporPower.nif	449066	3819035494aaa9a318de82ce8bfc37ef994e377c77c98b0d1e923cb4b0c6c028
tests/fixtures/rock.BMP	196664	5e7f8a6aa14f6c5ed08b3abb807fdb45b19a360d66d459668cbc95df5e0660d5
tests/fixtures/Rou.aid	60	6d3c92c490dfc88a746f0098bd305205dfbb65cc6ca96a9e0d8527ca6fc57ee9
tests/fixtures/Rou.conf	159	ee7641f18d41342e253deb59309c539c0ee0e032a311aa2f0130aa84d9c5adc6
tests/fixtures/Rou.HTD	264200	8022cbfd97688f660885f88d85a957a093ec93bd9df8b5c4bad302365955acce
tests/fixtures/Rou.HTDG	264200	e0dc8c8891bffb7ef915563ab5aa3c8846aaf8f2177587c2e95f0dcb2da7979c
tests/fixtures/Rou.idm	15553	f7170dff1f5a6e7fafa9e2dc9ce22aeaea78d8a5023bdb302712b4f72239cee1
tests/fixtures/Rou.ini	1471	7474ff9379b96e83a1271bad22fd7f37c916f89631dbf50c447d6f4e590d15b9
tests/fixtures/Rou.shbd	524296	03a0daafd69d66f3bb32fb3b2757354a55e82cf1e73c61b77e26af170d9d31e4
tests/fixtures/Rou.shmd	133984	a3946b6c582cbd6ed77b2b82c3053becedae1021af995031217f3a42dd00bb36
tests/fixtures/rou_acting.nif	27548	a5f44b7fe8ebaf5f1a44dbca6fd2f8eb2082cc79091fc38e0eccb1619bffc2bd
tests/fixtures/rou_bench.nif	58913	ba74d9ef7156f2bb1d631d2138ec19d9802c4156ef1836a41ae7a1e7e7bdf0e8
tests/fixtures/rou_Bridge01.nif	427302	72b7987c8e9351a69f712133ce91fae8692e8a34c662d956a4ced4529f184549
tests/fixtures/rou_Bridge01_w.nif	591554	1387ed24ee447fe9084dab4a9c287bf794a5c81efeec027d7b7878d940e72116
tests/fixtures/rou_carpet.nif	69054	f9e254e7700d06412ce49bb6c07954b387c3db913c66f8f016fdad6011f7c537
tests/fixtures/rou_ground.nif	4694580	8081d9661ff3ce70fcb69ca7dfc9af593a05b72d625cbdfd207647410372e657
tests/fixtures/rou_ground1.nif	131672	88aa545074bd0e45963380a1eea2ad64cf730b7cd6e69fcb929efd2d77805efa
tests/fixtures/rou_ground2.nif	220309	0ea5f6559c997053b88ca17b9faa378b149988279b9db3b746c48e45b58866f5
tests/fixtures/Rou_ground2_CD.nif	4908	e220c2e0ba7ec35477d26d1235d1f8433f93b9ce356570b70120e70dac575a4b
tests/fixtures/rou_ground_w02.nif	202193	ded9ffab241b36b94f02e2a2bbefdd096f7279a57f9c2df44479db5bf582536b
tests/fixtures/rou_ground_winter.nif	885725	f193fd390b04692c3e3d8ad96ffb713163c6e332375eeb5422e3c0149a5ab908
tests/fixtures/rou_ground_winter02.nif	182142	4e1c9302ef34ed01961be4779410a3acf5343085d6e83635befdfe0bc12f0367
tests/fixtures/rou_light.nif	173043	e1dff64245b65761ffe755403d18c0eb9810a6ff00c15d5e147baf8ded6a61f7
tests/fixtures/rou_lighthouse.nif	436623	92ee492aebacef1c31d1e0dec436788bbf6e259fdaadf506ae5d73489a24e492
tests/fixtures/Rou_M_Banner.nif	54413	629fab3cc7fbb6858084c5bc3bc67d1dfc5cea5935a051847bdcc1e20f23d773
tests/fixtures/Rou_M_BannerA.nif	59153	d27f83bb77f88a67a67cf61a0e6818e28aa1fdfd2788c7955b3680f508636f9e
tests/fixtures/Rou_M_BannerB.nif	59153	b4a357396a3002ffec8d42e59b1485636f400c9444c619b72f64af30a3038474
tests/fixtures/Rou_M_BannerC.nif	59153	91b545f1c937059c9bc690233ad94d8f6db5b0ad6065f9ff2999e3a8e0cc36dc
tests/fixtures/Rou_M_BannerD.nif	59153	48d475f3f0cf7db9f261b36c25f148fdb4467b6143a895654651aabae6ac15ef
tests/fixtures/Rou_M_Fishs.nif	168221	c1d8cc8d1714d29c0bfe74159e33a4b59f0e0fba2af28f72dcc0367f15b455a6
tests/fixtures/Rou_M_rope.nif	16652	743556dc2262ff168dc7282f148fde56feffa54b228a1572abb67f7d04584d9a
tests/fixtures/Rou_M_Shop00.nif	579781	4fe69cafc69162668fad7e9f91e907a4d5a6f4520e1444913d14f1bd6adfe2a8
tests/fixtures/Rou_M_Shop00_down.nif	532150	8656a4fc2d2fe3aa5184f6120eb50fbf4cb13a93f98b50f18819c3334332f9a4
tests/fixtures/Rou_M_Shop01.nif	201191	2fba4c4ffa2958b4164610675eadf8f6ad0b5d95bd04c2d78a1cfc89a18218a9
tests/fixtures/Rou_M_Shop02.nif	199537	1624a8c6f9aea4960d723c64151298def222b792fa217eeef10e74e28398132e
tests/fixtures/Rou_M_Shop03.nif	447606	fd65cc564f3277360ffc93956bb59ac0e9034299e1b1b9dcdfa586b3fc513679
tests/fixtures/Rou_M_Shop04.nif	174051	26a019e0711e86219ddbeff883518b5fe84b74f5eea01e87323575ddfebbe730
tests/fixtures/Rou_M_Shop05.nif	237752	0ac217bb0c251614526c128d1de10409d99c2ecf7b61cab36b636a876ce9cc09
tests/fixtures/Rou_M_Shop06.nif	164839	a3cb663d0c529a81da4683e530364c40de6135ca85ccaff282ab82ea4ea737ce
tests/fixtures/Rou_M_Shop07.nif	732203	c1118288d9d7917c55e959f3ae9129063538e6601bd24266e3da8ea52bcc4d40
tests/fixtures/Rou_M_Tube.nif	22975	c55775519b7152acd29acc485cda6ca69560792a8bab180366c3d082a83a4dc8
tests/fixtures/Rou_M_umbrella.nif	178968	697a296295754c3c286289d4bd9426bd0a721b931f67d5c6c2e4d3d8650b39bb
tests/fixtures/rou_market.nif	315148	38e6dabbc938ec827651282386f43939e373681990da283880df4d79926be655
tests/fixtures/rou_marketB.nif	17154	8cb371fef80077a3796f36a9d8afe7e1b91120d7bcc67128d1f8e1040ed15e37
tests/fixtures/rou_marketC.nif	76111	dfa62f5069f4b6f47d947878ecae23b2b8df14f01ee32866799fe2103965baf0
tests/fixtures/rou_marketC01.nif	76111	22d8b7e600ee71f198857bfc35bdf010d4d8e807b08ecb09b44daf44f6494af7
tests/fixtures/rou_watchTower.nif	396509	784e188fa45f4a7b78cd4a1ced15a91a5a5ef96f7c9ebee8140d1b32af41b8d0
tests/fixtures/rou_waterwell.nif	772018	7568f4a2c3045028eeae5a9cefd8cff67c56e0bb8a81d15b3aaf61526a5e161b
tests/fixtures/rou_weed.nif	97654	5693c473d2ccd77f432846685cc1f2ea2f68f0d1bf7271095f8b1c217c1481b8
tests/fixtures/rou_winter.nif	627293	f4f1f9a02916fa5f164489630581948ab8df2269b40b0c126e461df5378799b5
tests/fixtures/Rouvertexcolor2.bmp	198460	860acee14ab494f3d09a840457bfaddb68ec761f2d2ff18e6f7543e28ba9640f
tests/fixtures/Rouvertexcolor2_w.bmp	198460	820e9ee792a497b602b0fc771a72e6ca3834baf1c772d619f4b3d6e1c5f397c2
tests/fixtures/safety.nif	21642	834782c30cee4fa129b162a28e5fd46e135448ae7297eb4213fde7a4716054fd
tests/fixtures/santuary.nif	6943	8d1257c8c79ac1de8fe205110c7723519b7b02e865cfb610f5d15fad2216798c
tests/fixtures/santuaryObj.nif	191942	688672a065e9afa7da1a3a628180c63d7bed739bc9b5616c6ce697b76eb14ed4
tests/fixtures/sea.nif	276375	80d8351750fd64143677e5977fba28c705db9bdcb6430199caf6e35199ece132
tests/fixtures/ship.nif	18385232	ed347a399209773fca205fc71d0e4ae1e0aefd1e13ec6ac50020ff32b58502b0
tests/fixtures/ship_post.nif	14025	54e1456a1ca76d890db01a9de23c2d088a77e20d17e87585a8639a287f7fa0a2
tests/fixtures/smith.nif	379804	6eaef0b7fdc053b9b74b3f20015fb4a03c758b35623eeaa78716c4eaa9c5afe7
tests/fixtures/smithObj.nif	190127	0b7a3405a645cdfb94229e22d763d54892db3b25abbbd3d2119ac4e754019dca
tests/fixtures/smithsmith.nif	177503	3935e601ae1fe554ce1c134c961653f166e1a9b06601504adaceeabeb32e2e43
tests/fixtures/store.nif	92117	3d8b9d5a20169a4d6e4c3e8efd83ab8b96a48e6a7c2f80b5b764c6b0b1f6aacc
tests/fixtures/ticker.nif	12651	1daf994ac09f07b285569cf6e1fd387ad2755097a6da17d3f5c7b11237787689
tests/fixtures/TOTEM.nif	29607	588a2658ac66b41f136a97ca964c7c5164eb764bc725644bf73575fd29179cf1
tests/fixtures/tree05.nif	269653	ed11b88f3c38fe0ef2675b3afebfa0a46ac4243943a29a6e570395504c54e71f
tests/fixtures/tree06.nif	288110	62377944379b6ad054a9e15d2ecfbc8634a0889dcd6caa5647d4939c6b4515e8
tests/fixtures/wagon2.nif	479953	bdfdc1516efe50f7469909a3bcde2c61b59fc9bdc70d6a4480d709c4f5605e9a
tests/fixtures/waterhall.nif	12643	5b40eaf48cb217d750c8de98d9ec34aa9326d58def2be554c5758365f2063579
tests/fixtures/winter_part.nif	224706	8b09511940d415c62f637702b318ad8321e263e16badf18b5492287bac56bb32
tests/fixtures/woods.nif	112559	df30f47d438c2fea8cd5ada47f23b8772755d21037a9568c8237406c8ddc2071
tests/fixtures/wool2.nif	162203	b9ef13caaa856a0e8c0aab3c6a738469c955b962b7f85ff878760795febc1d8d
tests/fixtures/wool3.nif	53411	e6eea1dbd89edb2a8e7131251e81f9b12f9906aeb8f7444aa16a4f7018e01057
tests/fixtures/wool5.nif	96850	17d64caf4530a063bbac5131bde1004e1d564500661250ab4c7922d1f28c63cc
tests/fixtures/YellowHouse.nif	21642	84379fa1c00471ab3ef31f4a087233aff31975efd52abaa586adc786da2ca554
tests/test_avatar_preview.cpp	3708	b743c334302b0f862447ed5df0a815209e794d6814380c6d3d41fdcb6bae4e52
tests/test_camera_handedness.cpp	4867	3cf44e5f2ad1aa0a7ac0ed6eeb9b0ee3186ee054fceaf28ce5338bd37a950b38
tests/test_heightmap_core.cpp	11141	a824f4eeda2d97e4dd8a363b8a628877d9e533c811b7984ebadb44574d9b1d53
tests/test_kfm_file.cpp	5580	ed2d99c8ca4720ae2cb3e788cd060b2a02e947f8f95ce125d53d3f666c4465fb
tests/test_kfm_opengl.cpp	4108	3ac283b2d76baf6f4b359639b1e66b1593dda426c3a13c037b89d6c27fc63085
tests/test_legacy_map_project.cpp	8961	971a9bf2a4b1088f596e71583ea175a0e42d9d60adaa547cd5ce37844d98a61c
tests/test_legacy_texture_roundtrip.cpp	7085	18385535ce888acbda2f5ca2198f8f2def3c071aadaaa4691f39a893086ac221
tests/test_manual.cpp	6591	652bafcc023ad4b8a1fcca8c07039e07fb58d5eddcba34c682bc8e4faf8e2947
tests/test_nif_extensions.cpp	3392	cfdbb52992ef04bd57dad326eb1e2bee645c8d745b9e7d649128e503c8619840
tests/test_nif_model.cpp	5411	54bac0e2c5f8de2717b07a670831c27497779033531a62bfbaff284f7c676321
tests/test_nif_opengl.cpp	5446	751f6800efa885df53a5544e49bbff351f65cdb8048334e17560178b694da556
tests/test_nif_particles.cpp	7912	8128aba908eed4baf52abc7d2542cab6edd30bbbbc880dfd7ddce146379f6351
tests/test_npc_orientation.cpp	4811	861c4414de82af46a5d1d75816c1a13e5c99ababe7015028a2d91ec69decf814
tests/test_object_placement.cpp	12176	626256d7f8fca7145054fd7e829e7e85b5bb840b1caf9c7a65135b87b6425926
tests/test_packed_images.cpp	3969	1aa5a91cad7b417da681b3bfa1c98816f1342a2a82f3daa2b34a788d6bc4c0d2
tests/test_process_runner.cpp	1991	014a64290d05910e9fdf6a01b916ecbe15016cb269ca65cc313d7ad061c0134f
tests/test_questdata.cpp	2374	13694574cbac1c86bbf7fd25804f4657ec62394ec8301d7fb467d5726e95712d
tests/test_shinetext.cpp	8838	7cc5d70df3a947c1af90abdad9da5e3f3215726efb2809fd91f98d7c80734590
tests/test_shn_file.cpp	2017	7065bd662045d156bc30365e12ef889913fad680b281681f03284073c0387344
tests/test_texture_layers.cpp	9131	6a14c97a6c6be86e25f7299c8402b0ca30ba40c3629c9b14ac9e4ddf22313b3a
tests/test_walk_grid.cpp	7205	7c91c9340e9097707abdece85aeb9e19844cfa790ab613a2a41099daf4a9a9a2
tools/__pycache__/scan_nifs.cpython-314.pyc	19324	305405570455e9a13b73e4e4cbf77beff610059c9fae7767b1ca6a71df1ef037
tools/fiesta_audit.cpp	14657	69e20604ca78ec47e034cc6b0e87f1130e0baf263c697537f202d0f0bbcc9f6c
tools/manual/__pycache__/columns.cpython-312.pyc	9461	76b072c72bcb37e59e6e2125cc594f57f107c19955c265594be63d894d8ce176
tools/manual/__pycache__/columns.cpython-314.pyc	11292	437666001bcd7640c657f009a92faf668c5d50dc8bc4917b98667730bc2e9bd5
tools/manual/__pycache__/sections.cpython-312.pyc	43611	a9b57100b4316d89ae7d1037e3f39951f72d6fd8d18cc4cb868586a72ab9e8ed
tools/manual/__pycache__/sections.cpython-314.pyc	43619	17e06dd0654ec73cdc8f69119b9aef452f6ed3a68b07ca957007ef732d7cb7e1
tools/manual/__pycache__/tooltips.cpython-312.pyc	38601	e373383e040ed5f4e434cc07ae2a504c20643967def19438fa6d3e016d1ffc57
tools/manual/__pycache__/tooltips.cpython-314.pyc	37823	eed7194af9fa25ca0e4e7e613a47d0a471f4e24f3e5b87ee922fc6762cac4f41
tools/nif_benchmark.cpp	1578	e97a4b70474e717492e8a656b02d97ca7270bafc2d546aeb547c5c057787579e
tools/nif_probe.cpp	1376	d3fbd80dd2c30799522333d00bfc45019e0b7fb3af3af166c849258e58967a72
tools/ProcessRunner.hpp	5804	4021208dd00bd5423b967b7e9e80ef3fac1ab7b9331a8013900152709cb07721
